battery_power,n_cores,clock_speed,dual_sim,ram,4G,int_memory,price_range
842,2,2.2,0,2549,0,7,1
1021,3,0.5,1,2631,1,53,2
563,5,0.5,1,2603,1,41,2
615,6,2.5,0,2769,0,10,2
1821,2,1.2,0,1411,1,44,1
1859,1,0.5,1,1067,0,22,1
1821,8,1.7,0,3220,1,10,3
1954,4,0.5,1,700,0,24,0
1445,7,0.5,0,1099,0,53,0
509,5,0.6,1,513,1,9,0
769,5,2.9,1,3946,0,9,3
1520,8,2.2,0,3826,1,33,3
1815,4,2.8,0,1482,0,33,1
803,4,2.1,0,2680,0,17,2
1866,1,0.5,0,373,1,52,0
775,2,1,0,568,0,46,0
838,8,0.5,0,3554,1,13,3
595,3,0.9,1,3752,1,23,3
1131,5,0.5,1,1835,0,49,1
682,4,0.5,0,2337,0,19,1
772,7,1.1,1,2819,0,39,3
1709,2,2.1,0,3283,0,13,3
1949,4,2.6,1,1433,0,47,1
1602,3,2.8,1,1037,1,38,0
503,3,1.2,1,2583,1,8,1
961,8,1.4,1,2782,1,57,2
519,4,1.6,1,3763,1,51,3
956,7,0.5,0,3286,1,41,3
1453,2,1.6,1,2373,1,52,2
851,5,0.5,0,478,0,21,0
1579,7,0.5,1,3532,0,5,3
1568,8,0.5,0,508,0,33,0
1319,1,0.9,0,2227,1,41,1
1310,4,2.2,1,3845,1,51,3
644,8,2.7,0,1262,0,22,0
725,8,1.3,1,1326,0,60,1
589,4,2.3,1,2113,0,61,1
1725,2,1.6,1,3429,1,6,3
790,6,2,1,3169,1,11,2
560,2,0.5,1,2150,0,50,2
1347,1,2.9,0,2484,0,44,2
1646,2,2.3,0,3339,1,41,3
1253,2,0.5,1,1878,1,5,1
1656,3,1,0,1629,1,34,1
1195,2,2.8,0,504,1,20,0
1514,3,2.9,0,1152,0,27,1
1723,8,1.1,1,3587,0,42,3
1054,7,1.8,1,2296,1,40,1
578,8,2.6,1,1270,1,57,0
596,8,2.1,1,3238,0,64,3
1547,3,3,1,2059,1,14,2
1760,8,1.4,1,2053,0,63,2
1654,2,1.5,1,3112,1,43,3
1457,3,1.9,1,1440,1,16,1
1073,7,0.5,1,2908,0,51,2
1936,3,2.1,1,2552,1,46,2
823,8,2.7,1,905,0,60,0
987,3,1.3,1,3963,1,61,3
1757,6,0.5,0,2056,0,49,1
1063,5,1.4,1,2910,1,48,2
1484,3,3,0,1457,0,12,1
799,8,2.3,0,431,1,63,0
1156,2,1.2,1,470,1,50,0
1720,2,2,0,2148,1,55,2
702,3,2.6,1,2955,1,9,2
616,3,1.9,1,3366,1,44,3
1358,4,0.5,0,3068,1,36,3
1866,3,1.4,0,3834,0,30,3
1242,2,1.1,1,1050,0,10,0
1166,4,1.5,1,3993,1,43,3
1448,7,0.5,1,3378,1,45,3
1407,4,2.4,0,2192,1,22,2
605,3,1,0,392,1,9,0
1038,1,1.2,0,3709,0,43,3
797,4,2.9,1,590,0,38,0
819,6,0.6,1,1814,1,42,1
1114,3,2.8,0,907,1,9,0
1234,1,1.6,1,1449,0,33,0
1199,4,2.5,1,3448,1,16,3
1103,6,1,1,1837,0,29,1
1589,7,0.6,1,3464,1,58,3
999,4,2.9,1,2593,1,64,2
1510,5,0.9,1,3484,0,45,3
1008,3,0.8,0,2009,0,61,1
1127,1,2.9,1,2048,1,57,1
1412,8,2.4,0,837,0,25,1
1496,5,2,1,854,0,42,0
1083,3,2.9,1,3210,1,64,3
668,5,0.5,1,2746,0,3,2
1309,4,1.1,1,2334,0,33,2
1724,3,2,1,2822,1,57,3
1977,7,2,1,1971,1,54,2
885,7,2.3,1,1410,1,15,0
879,6,2.5,0,349,1,14,0
1322,3,1.7,1,1418,0,7,1
1137,3,1,0,3616,0,7,3
1355,5,2.3,0,880,1,23,0
1665,6,0.5,0,1601,1,60,2
657,2,2.5,0,1412,0,37,0
593,7,0.5,0,1692,0,31,1
1883,6,0.5,0,2600,1,10,3
1732,8,1.1,0,1308,1,12,1
543,5,0.5,0,2413,0,57,1
1939,4,2.8,1,1047,1,55,0
553,7,2.4,1,1204,1,8,0
832,4,0.7,1,1799,1,39,1
1661,5,1.9,1,2676,0,23,3
1657,5,2.4,0,2597,0,42,3
1135,1,2,1,3029,0,46,3
1775,1,1.5,0,2343,0,41,3
783,3,1.8,1,2016,1,43,1
617,7,2.3,0,2213,0,32,1
867,6,1.4,1,790,1,4,0
1310,5,1.1,1,3182,0,7,2
1804,7,0.5,0,3472,1,22,3
1900,7,2.3,0,2871,1,18,3
909,8,1.4,0,3187,0,53,2
1084,3,2.6,0,1945,1,40,1
1308,1,1.3,1,488,0,46,0
1778,3,0.5,0,1214,0,15,1
1701,8,1.6,1,2598,0,10,2
772,4,2.4,1,3242,1,10,3
825,3,0.5,1,3534,0,52,3
1379,2,1.1,0,3426,1,36,3
1166,5,2,0,2488,1,25,2
1659,1,2.8,0,3255,0,16,3
826,4,2.4,1,2863,1,58,2
1564,6,2.3,0,1496,1,25,1
1957,3,0.9,1,3801,0,31,3
1571,6,1.4,0,666,1,19,0
1414,7,2,1,3799,0,54,3
1790,1,2.5,1,1366,0,2,1
645,7,0.5,0,2962,0,41,2
668,8,2.9,1,2399,0,30,1
1652,4,1.1,1,2338,0,36,2
1213,5,0.5,0,2700,0,16,2
1272,6,2.5,1,2235,0,22,1
866,8,0.5,1,3825,1,46,3
536,7,2.4,1,284,1,3,0
523,8,2.6,1,1427,0,14,0
1753,1,0.5,1,1324,1,31,2
1218,3,1.8,1,398,1,14,0
1537,1,2.5,0,3685,1,43,3
786,7,2.2,1,2390,0,33,2
1678,3,2.1,0,278,1,64,0
1814,2,1.4,1,3556,1,9,3
1101,2,1.8,0,2196,0,31,1
1461,7,2.4,1,3799,1,40,3
1216,3,3,0,2268,0,47,2
506,1,1.6,0,2965,1,41,2
843,5,0.5,0,2341,1,56,1
742,7,2.2,1,3557,0,56,3
1692,6,2.1,0,1354,1,61,1
1485,2,1,0,2147,1,32,2
1547,2,2.9,1,505,0,45,0
1692,1,2.3,1,1394,1,46,1
637,4,2.3,0,374,1,60,0
1224,6,0.5,0,506,1,6,0
1356,6,2.8,0,3702,0,29,3
1840,1,0.5,1,1078,0,34,1
1481,5,0.7,1,2945,1,37,2
961,6,1.5,1,2981,0,51,2
1296,5,0.9,1,490,1,14,0
1193,1,0.9,0,536,0,26,0
1441,8,2.1,1,2317,1,3,2
517,4,1.4,1,3704,1,33,3
748,8,1.7,0,2126,1,27,1
1126,6,2.4,0,2050,1,10,2
1572,7,0.6,0,2462,1,58,3
1569,4,2.8,1,1260,0,44,1
1270,7,0.6,1,3770,1,32,3
1854,5,3,0,1886,1,8,1
625,4,1.2,1,3323,1,10,2
1577,5,0.5,1,2060,1,42,2
534,5,0.5,1,3926,1,16,3
946,6,1.7,1,2177,1,25,2
685,7,0.5,0,728,0,29,0
1949,5,1.3,1,2478,0,23,3
947,2,0.8,1,2842,1,22,2
801,7,2.2,1,1617,0,63,1
703,1,2.7,0,1472,1,30,0
1165,6,2.4,0,764,0,41,0
1082,8,0.8,0,2337,0,38,2
959,4,2.6,1,3965,0,20,3
1502,5,1.2,0,3693,0,54,3
1380,3,2.1,1,797,1,4,0
1266,6,0.5,0,1687,1,5,2
1934,1,2.6,1,2940,1,46,3
1905,1,0.5,0,1545,1,6,1
1831,5,1.4,1,3834,0,43,3
596,1,1.4,0,2505,0,46,1
1562,5,1.3,1,2243,1,7,2
1490,8,0.5,1,3600,1,64,3
1523,2,2.4,0,3971,1,57,3
640,4,0.6,0,2844,0,20,2
1526,7,2.1,0,2227,1,23,2
1989,3,2.5,1,1665,1,41,2
1308,3,1.9,0,3355,1,61,3
609,4,0.5,0,1866,0,26,1
1905,3,0.6,1,1287,1,36,1
1703,1,0.5,0,1046,1,22,0
1445,7,2.4,1,1441,1,20,1
1087,3,1.3,0,690,1,16,0
671,7,0.9,1,2504,0,30,2
1472,6,2.3,0,2677,0,61,2
765,8,0.5,1,2243,1,47,2
1642,6,0.5,1,2984,1,8,2
1265,5,1.5,0,1362,0,49,1
664,7,1.1,1,3629,1,51,3
1277,6,0.5,1,3559,1,35,3
1395,3,1.8,1,2571,0,23,2
1539,8,2.6,0,2107,0,41,2
1049,5,2.2,0,1022,0,63,0
1827,5,1.7,0,2844,1,39,2
903,1,1,1,711,1,50,0
1987,3,0.5,0,3117,1,53,3
1154,8,1.2,1,978,1,49,0
1336,5,0.9,0,1869,1,17,1
1886,3,0.5,0,1179,1,24,1
1551,5,1.1,0,3844,0,51,3
850,5,1.6,1,593,1,29,0
660,2,0.5,0,588,1,40,0
1225,4,2.1,1,3836,0,13,3
1452,6,0.5,1,2669,1,25,2
1686,4,2.8,1,2958,0,38,3
1634,2,1.4,0,3031,1,17,3
1708,1,2.4,1,3388,1,49,3
1151,8,2.9,1,2377,0,31,2
1578,4,1.9,1,2458,1,37,2
1689,3,1.8,0,2766,0,24,3
1488,5,0.5,0,3054,0,39,3
1313,1,1.8,1,3791,0,9,3
1715,8,1,1,625,1,31,0
1442,3,1,1,2227,0,27,1
528,2,1.7,0,3256,1,6,2
1523,1,1.8,0,707,1,11,0
1133,5,1.4,0,1457,0,42,1
1718,5,2.5,1,3755,1,6,3
1330,7,0.5,0,1733,0,38,1
1799,4,0.5,0,720,0,49,0
633,8,2.2,0,3560,1,49,2
724,7,2.7,1,2311,0,44,2
822,6,0.5,0,3846,1,51,3
1918,5,1.9,0,1717,0,10,2
1891,7,2.8,0,3704,1,37,3
1373,7,1,1,3800,0,50,3
862,2,0.8,1,278,0,23,0
1273,4,1,0,1767,1,48,1
957,5,2.5,0,1846,0,7,1
1617,2,1.3,1,829,1,30,0
893,2,2.5,1,2986,0,55,2
1210,5,0.5,0,2394,0,63,2
708,8,2.7,1,2169,1,63,1
835,4,1.1,1,1181,0,7,0
1450,1,2.7,1,575,0,19,0
973,7,1.5,0,2977,1,57,2
601,4,1.4,0,532,1,4,0
507,7,0.5,1,1702,0,32,1
564,3,1.8,1,1074,1,51,0
1559,6,1.6,1,3352,1,6,3
754,7,0.5,1,1027,1,59,1
728,4,2.7,1,2039,0,25,1
1431,1,0.5,0,461,1,56,0
767,4,1.5,0,527,0,28,0
1722,2,2.6,0,3271,0,18,3
1992,2,1.6,0,606,1,57,1
1876,6,0.5,0,2513,1,40,3
1054,6,1.1,1,1675,1,38,1
1283,5,1.6,1,2698,0,47,2
1281,1,2.3,1,1129,0,28,1
1066,7,0.6,0,468,1,7,0
730,8,2.1,1,1210,1,4,0
1053,1,0.8,1,3086,1,45,3
1611,3,0.5,1,1595,0,3,1
793,2,1,1,2332,1,30,2
1220,4,2.9,0,2589,0,62,2
1662,4,0.5,0,3760,1,61,3
1281,4,2.8,1,1851,1,8,1
538,7,0.8,0,417,1,2,0
823,8,0.5,0,294,0,39,0
1733,6,2.8,0,3576,1,36,3
1429,3,1.5,1,3945,1,40,3
1839,7,1.2,0,927,1,54,1
659,3,2.7,0,2044,1,6,1
1953,8,2.1,1,2334,0,56,2
1172,1,1.9,0,1477,1,27,1
612,7,1.9,1,3161,0,16,3
1563,8,2.4,0,3660,1,24,3
1191,1,1.3,1,1604,1,26,1
615,6,0.5,1,2211,0,42,1
1893,2,2.1,1,3822,0,63,3
1563,7,1.7,1,3922,0,16,3
1995,6,1.9,0,1203,0,9,2
1517,5,0.5,0,2822,1,48,3
832,5,1.6,1,447,1,34,0
1162,7,2,0,1652,1,56,1
1595,8,2.6,0,3608,0,12,3
1329,6,1,0,1228,0,52,1
928,8,0.5,1,666,0,56,0
1656,7,0.5,1,1499,1,38,1
1937,1,1.7,0,3321,0,58,3
977,6,1.1,1,1206,0,57,0
768,1,0.9,0,952,1,56,0
1464,2,0.5,1,3927,0,12,3
1177,2,0.9,0,311,1,29,0
1348,3,2,0,955,0,52,1
1956,3,2.2,0,1109,1,37,1
1751,6,0.5,1,2969,0,8,2
1530,6,2,0,725,0,42,0
1997,4,1.8,1,1655,0,40,2
1414,2,1.5,1,3490,0,44,3
1707,7,1.4,0,1774,0,41,2
894,3,0.5,1,3615,1,50,3
645,8,1.2,0,714,1,41,0
1163,2,2.8,1,2768,0,49,2
1126,8,0.7,0,3739,0,49,3
1648,4,0.7,0,610,1,64,1
1170,2,0.9,0,715,1,14,0
508,1,0.8,0,663,1,42,0
1097,3,2.1,1,1725,0,64,1
728,2,1.7,1,834,1,5,0
1980,1,0.5,1,3865,1,29,3
1504,1,2.3,1,3059,0,64,3
1379,1,2.1,1,651,1,63,0
1698,6,2.1,0,796,1,18,0
920,7,2.1,1,785,0,25,0
1144,1,1.5,1,3252,0,21,2
1995,1,0.5,0,1322,0,26,1
1430,1,0.5,1,2832,0,27,2
972,5,0.5,1,1615,0,13,1
662,1,0.5,0,2125,0,20,1
1867,6,2.3,0,990,1,9,1
1730,4,2,1,1595,1,20,1
1723,3,1,0,1213,1,7,1
1882,2,1.3,1,2500,0,47,2
803,4,0.8,1,2801,0,18,2
580,3,1.2,1,3451,0,47,3
668,1,2.3,0,1201,1,48,0
1391,1,1.4,0,3139,1,36,2
1560,7,2.3,0,1938,1,22,2
821,3,1.8,1,3185,0,54,2
811,6,2.4,1,2111,1,2,1
1989,8,2.9,1,2369,0,17,2
1034,7,2.7,1,3625,0,37,3
618,1,2.1,0,1051,0,6,0
654,4,1.3,0,1036,1,52,1
576,5,2.8,0,2938,1,10,2
667,6,0.6,0,2855,1,3,2
869,1,1,0,2727,1,57,2
635,3,0.5,1,2973,0,42,2
609,1,3,0,2581,1,44,1
1557,5,2.8,1,2690,0,2,3
1604,8,1.7,0,916,0,33,0
1182,8,0.5,0,2563,1,8,2
848,7,2.1,1,3359,1,19,2
1610,4,2.9,0,941,1,64,1
1828,1,2.1,1,2280,0,17,2
880,7,2,1,827,1,50,0
1394,5,0.9,1,473,1,62,0
1960,7,2.3,1,3865,1,61,3
809,7,0.8,0,1274,0,21,1
899,2,0.5,1,364,1,57,0
1976,2,0.7,1,3699,0,32,3
879,4,1.5,1,2927,1,21,2
916,4,2.6,0,1470,0,36,0
763,8,1.7,1,1050,1,2,0
508,6,1.6,1,2616,0,9,2
825,8,2.9,1,2915,0,34,3
1864,1,1.4,0,2686,1,46,2
1725,6,0.5,1,1243,1,52,1
1108,2,2.9,0,3264,0,52,3
1011,7,1.1,0,2261,1,36,1
1703,5,1.5,1,2993,1,55,3
1067,7,1.7,1,706,0,58,0
1334,5,2.4,0,2542,1,42,3
775,7,2.6,0,2523,0,30,2
1899,2,0.6,0,336,0,26,0
930,6,1.3,1,2457,1,14,1
1058,4,1.5,0,418,0,19,0
1187,2,2.2,0,3917,1,46,3
1874,7,2.7,1,1246,0,8,1
1482,7,0.5,0,2971,0,48,2
1809,3,1.7,0,2324,1,59,2
864,2,3,1,3121,1,54,2
625,1,1.9,0,3801,1,33,2
1880,3,1.8,0,3333,1,18,3
1138,8,1.4,0,3475,1,44,3
560,8,0.5,0,2360,0,23,1
1117,7,0.5,0,2895,0,12,2
1712,7,1.4,0,3652,0,63,3
1836,6,1.7,1,3097,0,26,3
1036,7,2.4,0,2101,0,39,1
1860,4,2.3,0,3918,0,23,3
1375,7,1.1,0,3869,1,9,3
1945,4,1.6,1,732,1,57,1
1896,2,0.5,1,3684,1,7,3
788,8,2.5,1,3969,1,57,3
880,2,1.7,1,1414,0,33,0
1323,4,2.5,1,1892,1,28,1
1868,1,2,1,3131,1,42,3
1266,3,1.9,1,2532,1,7,2
1042,7,2.7,1,3215,1,50,3
1479,3,0.5,0,3323,0,19,3
1476,4,1.2,1,1529,1,55,2
1552,6,2.2,0,2403,1,13,2
1454,4,0.5,1,3419,0,34,3
1007,5,2,0,3648,0,45,3
652,5,2.4,1,1974,1,17,0
1504,8,1.5,0,2806,1,34,2
1726,4,0.9,1,2239,0,51,2
1029,5,1.9,1,582,1,5,0
1582,6,2.8,0,3890,1,44,3
1478,5,0.8,1,1141,0,48,1
1178,5,1.3,0,2511,0,49,2
707,3,2.1,1,3838,0,25,3
755,4,2.8,0,2734,1,51,2
912,8,2,0,2330,0,54,1
651,5,0.8,1,2244,1,63,1
1483,7,2.1,0,1851,1,54,1
914,2,0.9,0,808,0,4,0
1456,5,0.5,1,1587,0,7,1
1178,3,2.2,1,2492,0,57,2
1503,4,0.7,0,2122,1,43,2
1681,2,2.5,0,1122,0,11,0
715,4,2.3,1,3709,0,48,2
1876,3,2.8,1,3021,1,56,2
1190,6,2.2,1,624,0,47,0
1755,7,1.3,0,3937,1,24,3
1197,6,1.3,0,1797,1,20,1
1048,2,0.9,0,1458,1,28,1
1887,8,3,1,3348,1,17,3
1772,8,0.5,1,1834,0,64,1
1421,1,2.8,0,2775,1,57,3
1464,6,0.5,1,1277,1,17,1
728,4,2.3,1,457,0,23,0
954,2,0.5,0,438,0,50,0
685,7,0.5,1,3210,1,13,3
1472,6,2.8,1,985,0,36,1
853,2,2,0,3701,1,3,3
1469,7,2.1,0,1052,0,8,0
1310,8,2.3,1,1175,0,57,0
1654,7,1.8,0,1070,0,11,1
902,7,0.7,0,3411,0,3,3
1448,3,1.4,1,1175,0,26,1
1631,7,0.9,1,301,1,3,0
1608,2,1.8,1,489,0,28,0
1991,2,2.7,0,1733,1,64,2
1349,5,2,1,2756,0,62,2
1589,1,2.5,0,2612,1,51,2
1844,8,2.3,1,1724,0,51,1
712,2,0.5,1,2190,1,35,1
972,3,1.7,0,1900,1,54,1
1406,3,0.5,1,3915,1,34,3
1289,6,0.9,0,1043,1,25,0
932,7,1.3,0,3817,0,64,3
1747,3,0.9,0,2362,1,48,2
1172,3,2.1,1,1107,0,41,1
1128,5,1.4,0,2982,0,53,3
664,5,1.2,1,2042,0,28,1
513,4,0.5,0,1343,1,44,0
1742,7,2.3,1,2610,1,43,2
1512,7,1.7,0,2335,0,6,2
1986,8,0.5,1,1614,1,51,1
965,2,1.5,1,1138,0,13,0
1067,8,2.4,1,604,1,40,0
1583,3,1.6,0,3652,1,42,3
1653,4,0.5,1,3955,1,37,3
1433,8,1.6,0,258,0,4,0
765,7,2.9,0,1066,1,18,0
1845,1,0.5,1,1731,0,61,1
752,7,0.5,1,3860,0,48,3
1948,5,2.8,1,3630,0,16,3
1077,3,2.5,1,1965,1,45,1
932,4,0.5,0,1459,1,60,0
1968,3,0.9,0,2323,0,22,2
1122,4,1.2,0,3291,0,2,2
1588,1,0.5,0,3272,1,61,3
601,4,2.1,0,918,0,26,0
1615,4,0.5,0,3488,0,15,3
1589,4,2.2,1,3961,0,58,3
1417,6,2.7,0,590,1,56,0
1697,1,0.7,0,3701,1,34,3
1330,5,1.3,1,463,0,3,0
1476,2,0.5,0,3644,1,43,3
1579,6,1.5,0,1713,0,27,1
1277,4,3,0,429,1,41,0
1089,5,0.9,1,2765,1,2,2
1663,4,2.5,1,2084,1,27,2
1949,5,1.8,0,1125,0,20,1
1138,3,1.1,0,2048,1,48,2
685,6,2.7,0,1223,0,17,0
1889,1,2.8,0,3672,1,31,3
857,7,2,1,3100,0,17,2
1902,8,2.8,1,343,0,50,0
1225,5,2.4,0,1970,0,15,1
1066,5,1.6,0,2728,0,39,2
1554,3,0.5,1,3635,0,5,3
1337,2,0.5,0,2180,0,31,1
1926,3,1.7,1,2488,1,33,2
869,2,1.3,1,3864,0,34,3
1278,8,0.5,1,1155,0,54,0
1773,6,2.5,0,3566,1,32,3
1661,7,0.8,1,864,1,6,1
1438,7,2.2,0,869,1,32,0
1661,2,1.4,0,591,0,29,0
1846,1,0.6,0,1333,0,19,1
1260,7,2,1,2208,1,23,2
512,3,0.5,1,2610,0,15,2
581,5,2.2,0,2819,0,59,2
1872,3,2.3,0,1955,0,44,2
687,4,1.3,0,3416,1,50,3
1062,1,2.5,1,3803,0,10,3
1678,1,2.3,1,574,0,7,0
1417,4,0.5,0,2129,1,45,1
1074,6,2.4,1,1948,1,9,1
1832,7,0.7,0,2978,0,2,2
1039,8,1.3,0,1619,1,12,1
1059,3,2.4,0,3716,0,61,3
1606,4,1.4,0,3454,0,57,3
1928,3,1.8,0,3777,1,19,3
1875,1,0.5,1,2712,1,55,3
1128,8,1.1,0,1434,1,46,1
1748,3,1.7,1,3968,1,14,3
1413,5,0.5,1,3383,0,51,3
825,2,0.5,1,3278,1,23,3
1589,8,1.4,0,3970,1,26,3
535,8,0.5,1,2674,1,54,2
1780,4,0.5,0,2776,0,27,3
1671,2,0.6,1,2336,1,61,2
1821,1,0.9,0,2430,1,12,2
1076,6,2.6,0,891,1,38,0
532,5,0.8,1,728,0,8,0
777,5,2.6,0,3886,0,30,3
1217,4,0.5,0,1711,0,17,1
1656,7,1.6,1,2856,0,16,2
1185,8,1.9,0,2447,0,31,2
577,6,2.4,0,814,1,37,0
737,4,2.4,1,2951,0,49,2
704,6,2.2,1,3653,0,53,2
525,8,0.5,1,1891,0,51,1
504,1,0.5,1,701,0,16,0
793,4,1.2,1,3139,1,38,3
569,8,0.6,1,2811,0,39,1
1590,5,1.9,1,1701,1,21,1
707,2,0.5,0,1853,1,16,1
767,6,1.9,0,2445,1,19,1
1350,8,0.5,1,2287,1,50,1
1117,2,0.6,1,2003,0,31,2
641,1,1.1,0,3595,1,7,2
1002,2,0.8,1,1726,1,35,1
1408,5,2.1,1,3952,0,45,3
1900,8,2,1,850,0,41,1
726,8,2.9,0,1446,0,43,0
1544,8,2.3,0,1300,1,45,1
1454,4,1.6,0,719,1,21,0
1230,5,2.2,1,988,0,26,0
1552,8,1.2,0,2606,1,53,2
1519,1,2.1,0,2912,0,32,2
723,1,1.9,0,2339,0,30,2
1191,1,2.4,1,1028,0,13,0
1168,8,1.3,0,3173,0,61,3
1229,2,0.5,1,1667,0,14,1
1758,8,0.5,0,1897,1,13,2
1290,6,0.5,0,1214,0,3,1
574,6,2.8,1,3269,0,38,2
1271,7,0.5,0,445,0,32,0
1170,8,1.2,0,1073,0,30,0
1269,2,1.3,0,665,0,52,1
1288,2,2.8,1,3129,0,50,3
1366,2,0.7,1,3501,1,34,3
1572,5,0.8,1,3461,1,8,3
1627,6,0.9,1,3206,1,32,3
1701,2,0.5,0,3717,1,46,3
1900,1,0.5,1,3917,1,55,3
1974,7,1,0,861,0,24,0
1197,5,0.5,1,2885,0,20,2
587,1,2.3,1,2777,0,6,2
934,5,1.1,0,1017,0,24,0
1195,4,2,1,980,1,23,0
1853,1,1,0,2775,0,23,3
1164,8,1,0,3309,1,19,3
1512,3,0.5,0,3607,1,18,3
1232,5,2.9,1,1257,1,24,0
1813,3,0.6,1,759,1,5,0
946,3,2.6,1,3720,0,5,3
739,3,2.3,1,475,1,58,0
704,1,2.7,0,1122,1,29,0
1663,4,0.5,0,1336,0,40,1
1966,8,1.4,1,1185,0,40,2
1219,5,1,1,705,0,17,0
612,5,0.7,0,3169,0,35,2
1658,1,1.4,0,3483,1,39,3
1263,5,0.5,0,1183,0,64,1
1395,3,2.8,0,3373,1,55,3
621,4,2.7,1,2801,0,54,2
652,3,0.5,1,565,0,58,0
1175,2,0.6,0,3153,0,25,2
561,8,1,0,3421,0,11,2
1137,5,2.2,0,316,1,3,0
1835,7,2.3,0,448,1,11,0
1170,6,2.9,1,2366,0,40,1
1595,4,0.8,1,3881,1,44,3
1719,8,2,0,462,0,12,0
1770,7,2.3,1,1480,0,7,1
1312,2,0.5,1,1087,1,28,1
1878,5,1.5,1,2711,1,56,2
1871,7,2,0,2144,1,20,2
922,7,1.5,1,1165,1,35,0
1975,8,1.5,0,2998,1,16,2
1212,4,2.6,0,2249,1,46,2
1430,3,0.9,0,752,0,56,0
1958,2,1.9,1,1409,0,4,1
1836,7,2.1,1,3072,1,30,3
557,3,1.6,0,1305,0,24,0
539,7,0.6,1,3597,0,21,2
880,8,0.5,1,3132,0,44,2
1369,1,1.8,1,3856,0,34,3
1109,1,2.7,1,1524,0,39,1
843,5,1.8,1,3673,0,16,3
598,2,2.3,1,3293,0,21,2
972,4,2.7,1,3035,0,5,2
1944,6,0.5,0,584,1,36,1
1225,7,0.7,1,2675,1,2,2
644,1,1.3,1,2382,1,30,2
1919,4,1.5,0,1391,1,48,1
501,4,2.3,0,2346,1,54,1
1620,3,2.2,1,606,1,30,0
1227,3,1.1,1,1324,0,34,1
1359,6,0.5,1,1076,1,58,0
1914,8,0.7,0,643,0,35,1
1645,7,1.8,0,783,0,21,0
1063,5,1.1,0,3809,1,26,3
946,8,2.1,0,2104,1,19,1
1231,3,1.2,1,1762,0,54,1
1397,6,2.9,1,3137,0,9,3
701,3,0.7,0,1756,0,15,1
570,7,0.5,1,3663,0,9,3
1993,8,0.5,0,2437,1,27,2
955,5,0.5,1,1432,0,43,1
924,8,0.5,1,1620,1,47,1
600,5,0.5,0,1655,0,14,0
518,7,0.8,1,2832,0,3,2
1063,6,2.5,0,961,1,31,0
920,3,0.5,0,2608,0,46,2
1715,5,1.9,0,514,1,3,0
1841,8,1.3,1,2304,0,14,2
543,5,0.5,1,933,1,60,0
1762,1,2.7,1,1896,1,25,1
1112,4,0.5,1,3655,0,53,3
709,1,2,1,1973,0,35,1
1315,7,2.6,0,3278,0,64,2
1762,8,2.5,0,2183,1,15,2
1462,7,1.7,1,824,0,25,0
571,7,1.6,1,2598,0,35,1
666,3,0.5,1,1254,1,54,0
1994,8,1.5,1,3622,1,7,3
1583,7,2.1,1,1704,0,14,2
1778,4,1.4,1,1624,1,45,1
1926,6,1.1,0,3809,1,50,3
966,4,0.6,0,2574,1,50,2
568,3,2,0,950,0,36,0
1897,8,3,0,273,1,21,0
1695,3,0.5,1,446,1,46,1
1623,7,1.2,0,1510,1,61,2
914,4,0.5,0,1122,1,26,0
1721,4,0.5,1,707,1,33,0
890,8,2.2,1,751,0,44,0
600,3,0.5,0,3393,0,48,2
1677,6,1.8,1,3771,0,11,3
723,4,0.5,0,1851,1,3,1
638,4,1.7,1,2735,0,27,2
852,7,1,1,2253,1,62,1
1979,7,1.6,1,452,0,32,0
710,5,0.5,0,1419,0,32,0
1034,3,2.6,1,969,1,45,0
600,1,2.5,1,3441,1,22,2
1027,2,0.5,0,3786,1,64,3
1260,6,0.6,0,2710,1,13,2
1793,6,1.8,1,3533,0,12,3
675,5,2.3,0,1735,0,60,0
658,7,2.7,0,3587,1,12,3
1694,7,0.6,0,2298,1,34,2
804,1,0.8,1,2027,1,41,1
1713,7,2.5,1,2406,0,27,2
706,3,0.5,0,2419,1,31,1
1362,7,0.5,0,995,0,25,0
1527,5,2.7,0,2078,1,60,2
768,2,0.5,1,1145,0,19,0
1314,4,2.9,1,626,1,41,0
705,6,0.5,0,1509,1,57,1
1403,5,2.7,0,3371,1,26,3
1486,4,2.6,0,297,0,52,0
781,5,1.1,0,3508,0,38,3
986,8,1.5,0,2385,1,23,1
1310,1,1.4,0,1301,0,33,1
560,3,2,1,2167,1,57,1
1348,5,1.3,0,3914,0,43,3
1567,6,0.5,1,2312,0,22,2
1940,5,0.9,1,2297,0,17,2
1979,3,2.9,1,411,1,19,0
561,3,2.1,1,665,1,2,0
1717,1,1.3,0,3226,0,62,3
535,1,1.5,0,740,1,48,0
1413,5,0.5,1,3878,1,39,3
1358,7,2.5,1,3406,0,20,3
1519,7,2.9,0,2440,0,30,2
1254,5,1.2,1,3959,0,50,3
1591,6,2.2,0,3703,1,49,3
977,2,2.8,1,3714,0,35,3
1640,7,0.7,0,337,1,21,0
663,2,0.8,1,3176,0,25,2
1744,8,1,0,1205,1,20,1
1624,2,1.6,1,2473,0,28,2
1108,7,1.3,1,1229,1,2,0
1188,2,1.4,1,2896,1,9,3
817,3,1.3,0,2039,0,11,1
863,4,1.6,1,520,1,6,0
1397,3,2.4,1,1378,1,3,1
1108,5,1,0,3254,0,49,3
1068,7,2,1,1803,1,37,1
1702,2,2.3,0,2501,1,52,3
808,4,0.5,1,3762,0,8,3
1156,7,0.5,0,1796,0,61,1
1271,8,0.5,1,990,0,54,0
696,3,0.5,0,2630,0,51,1
1981,6,1.9,1,1380,0,45,1
614,7,1.7,1,3487,1,58,2
1590,3,0.6,1,1201,0,7,1
1945,3,1.6,0,3015,0,21,3
1135,1,2.8,1,3204,0,43,3
1049,6,0.6,1,433,1,2,0
1807,1,2.1,0,1906,0,49,2
984,7,0.5,0,898,1,42,0
720,7,1.4,1,2799,1,61,3
1536,7,0.8,0,2020,0,13,2
771,4,0.5,0,770,0,25,0
503,6,2.5,0,305,0,57,0
675,7,2.4,0,2953,0,42,2
1936,7,1.9,1,1671,1,34,1
1303,3,1,1,2574,1,15,2
1004,6,2.9,1,3772,0,35,3
1972,2,1.2,1,2870,0,37,3
1822,6,1.2,0,2577,0,8,2
1159,1,2.8,0,2246,1,18,1
1782,1,2.8,1,2405,1,58,2
894,8,2.1,1,3377,0,16,2
1884,1,2.1,1,3619,1,43,3
1648,2,0.5,0,1184,1,17,1
798,3,2.4,0,2965,0,4,2
802,3,2.4,1,3713,0,45,3
1276,2,2.9,1,3798,0,53,3
1331,2,1.6,0,1026,0,16,1
1620,6,2.6,1,1086,0,5,1
1996,4,2.5,0,2236,1,51,2
1092,1,2.7,1,1303,0,45,1
1018,5,0.7,1,3048,0,63,2
545,3,0.5,0,616,1,11,0
554,6,1.3,0,3764,0,12,2
1264,3,2.9,1,419,1,34,0
1030,6,1.6,1,2858,1,58,3
1432,4,1.7,1,504,1,39,0
558,5,2.8,0,392,1,49,0
829,7,0.5,0,820,0,56,0
1741,8,1.8,0,3387,0,14,3
1849,5,2.3,0,3447,1,15,3
733,7,2.1,0,1403,1,7,0
1872,2,0.9,1,2295,0,16,2
1853,6,0.5,1,1973,0,27,2
1149,6,2.2,0,3755,0,30,3
891,2,0.5,1,2073,1,25,1
1911,8,2,0,3872,1,64,3
550,2,0.5,0,302,1,23,0
576,2,0.8,0,1519,1,27,1
1760,1,1.9,0,2549,1,50,2
969,7,2.4,0,404,0,45,0
1160,3,1.1,0,595,1,63,0
827,2,1.1,1,1663,1,18,0
1786,7,0.5,0,2764,1,58,3
774,1,0.6,1,2614,1,8,2
819,8,2.5,1,1094,1,11,0
1042,5,2.2,0,2826,1,11,2
1368,7,3,1,2496,0,50,2
1592,2,2.1,0,2103,1,50,1
1067,1,1.8,1,966,0,14,0
1892,4,0.7,0,2172,0,47,2
915,8,1.1,0,905,0,56,0
774,3,2.8,0,3916,1,55,3
1848,2,1.4,1,3902,1,42,3
1501,1,1.1,0,2487,1,2,2
1614,3,1.9,0,3914,1,55,3
911,5,2.9,0,363,0,46,0
1520,5,0.5,0,3233,1,24,3
1647,6,1.4,1,2532,1,38,2
1347,6,0.9,1,3836,1,53,3
967,8,1.6,0,3076,0,25,2
1442,5,2.2,0,1513,1,56,2
1204,7,2.6,0,1724,0,10,1
1320,7,2.1,1,542,1,41,0
1800,7,0.7,0,3481,1,8,3
1567,3,2.1,1,3991,0,22,3
1439,1,0.9,0,1790,1,20,1
1422,1,1,0,509,0,3,0
1591,3,2.2,1,282,1,52,0
880,4,1.7,0,3006,0,6,2
1929,6,0.5,1,1913,1,19,1
1642,5,1.6,1,1333,0,5,2
1511,3,2.5,1,3746,0,21,3
1312,2,1.3,0,3941,1,10,3
1852,1,1.4,0,3970,1,10,3
972,7,1.3,0,3925,0,44,3
691,4,2.7,1,424,1,33,0
807,5,0.5,0,1284,0,8,0
1113,1,0.6,1,277,0,25,0
721,1,1.3,1,1713,0,16,1
1188,6,1.5,1,485,0,54,0
1512,1,0.5,0,3002,0,52,2
805,4,0.7,0,418,0,64,0
918,7,0.9,1,1652,0,8,1
1320,5,0.5,1,2893,0,48,2
1236,1,0.9,1,1406,1,57,0
1387,3,0.5,0,629,1,61,0
1883,2,2.7,1,3724,1,30,3
839,7,2,1,3835,0,14,3
1593,8,1,0,1354,1,52,1
1722,6,1,0,2376,0,25,3
1954,3,0.6,1,3438,0,7,3
1788,6,0.5,1,2655,1,2,2
1628,6,0.5,0,3361,1,33,3
1965,7,0.5,0,3535,1,4,3
833,1,2.2,0,2150,0,27,1
571,3,0.6,0,2587,1,43,1
1808,2,0.5,1,2736,0,31,3
1860,6,0.5,1,676,1,55,0
1368,7,1.6,1,2941,0,9,3
1161,8,1.3,1,3336,1,21,3
1224,1,1.6,0,3796,0,33,3
902,5,0.6,1,3654,0,63,3
787,1,0.5,0,2934,0,11,2
854,8,0.5,0,2889,0,30,2
1184,1,1.5,1,3315,1,48,3
1973,4,1.6,1,1993,1,39,2
510,3,1.7,1,2509,0,35,1
966,2,2,0,3534,1,34,3
1438,8,1.8,0,2246,0,16,2
1986,3,0.5,0,3165,0,51,3
1907,7,2,0,286,0,55,0
1489,1,2.4,1,776,0,32,0
1843,6,1.8,1,3213,1,16,3
825,3,1.5,0,716,0,38,0
1286,2,2.3,0,424,1,16,0
840,7,0.6,0,3486,1,63,3
757,4,2.3,1,3237,1,58,2
814,2,1.1,1,1944,0,41,1
1195,6,1.1,1,643,1,8,0
767,4,0.8,0,2317,1,10,2
1068,8,1.3,0,1436,1,52,1
994,3,2.8,1,3190,0,56,2
1550,2,2.5,0,2338,0,21,2
1878,8,0.5,0,1334,0,29,1
623,3,2,0,3657,0,6,2
1829,5,0.5,0,2080,1,15,2
525,7,2.4,1,1609,0,35,0
1065,2,0.5,0,3078,1,14,2
1425,8,1.2,0,590,1,35,0
1296,7,1.4,1,2552,0,11,2
642,2,2.8,0,3355,0,34,2
1664,7,2.9,1,1968,1,15,2
1498,7,0.7,0,3358,1,8,3
981,3,1.9,1,1539,0,2,0
1236,4,2.8,0,942,1,32,0
1673,3,2.8,1,3669,0,9,3
712,2,1.6,0,3612,1,9,3
569,3,0.5,1,2351,1,4,1
603,6,0.7,1,604,1,64,0
1332,2,0.8,1,1285,0,11,1
1413,1,0.6,0,515,1,13,0
1064,6,2.9,1,654,1,34,0
1444,5,0.6,0,2540,0,48,3
1366,5,1.7,1,3869,1,53,3
906,2,2.1,1,3412,0,18,3
1554,5,2.7,1,509,1,47,0
1187,6,2.3,0,2547,1,21,2
1156,3,2.7,1,2735,1,30,2
1918,1,2.8,0,1369,0,22,1
841,6,0.5,1,2942,0,39,2
730,7,1.3,1,2812,0,6,2
878,4,1.3,0,3497,1,31,2
1059,8,0.5,1,619,0,50,0
1578,1,2.9,0,3483,0,3,3
1829,5,1.7,0,1475,0,36,1
1132,1,1,0,1950,0,8,1
1652,7,0.6,1,3592,1,40,3
912,5,0.5,1,3573,0,58,3
1181,2,2.3,0,2020,1,61,1
1497,3,0.7,0,1329,0,32,2
1790,3,2.3,1,3568,1,49,3
1742,1,1.6,0,1947,0,49,2
1549,5,0.5,0,1998,0,8,2
1372,4,2.7,0,725,0,34,0
1112,4,0.5,0,3302,1,12,3
1005,8,0.5,0,3884,0,46,3
783,6,1.7,1,1185,1,27,0
1698,2,2.5,0,1656,1,26,2
899,4,2.7,0,2870,1,53,2
1062,3,1.5,0,911,0,45,0
989,3,2,0,3892,0,17,3
1983,1,1.2,1,3897,1,27,3
1800,1,3,0,656,0,53,0
1254,3,1.7,0,606,1,45,1
868,4,1.7,0,1653,0,30,1
1205,4,0.5,1,860,0,12,0
1284,2,2.8,1,2197,0,10,1
626,2,0.7,1,3458,1,23,2
1763,4,2.9,1,2066,1,53,1
694,4,1.8,1,3676,0,36,3
1265,1,0.6,1,1518,1,49,1
816,3,0.5,0,1018,0,14,0
904,3,1.8,0,1360,1,35,0
979,7,0.5,1,3449,1,5,3
1531,6,2,0,2524,1,60,2
934,8,2,1,703,0,30,0
1624,3,2.6,1,1251,0,58,1
874,1,1.3,0,582,0,8,0
1027,5,2.2,0,1732,0,63,1
1966,1,0.8,1,1252,1,48,2
1048,1,1.5,0,2146,1,29,1
1496,4,1.9,1,1927,0,38,1
959,4,1.7,0,3328,0,13,2
1349,7,2.2,1,2462,0,55,2
1689,2,2.4,1,1172,1,13,0
1558,1,2.4,0,3598,1,27,3
582,3,0.5,1,2437,0,27,2
1485,4,2.8,0,3271,1,44,3
1991,3,1.8,0,1511,0,9,1
553,3,0.5,1,2981,1,23,2
1231,1,0.7,1,3119,0,7,3
805,6,0.8,0,3647,0,34,3
764,8,1.2,1,3148,0,13,2
894,3,0.9,0,2829,1,54,2
1589,3,2.6,0,2373,0,46,2
1456,8,1.6,1,3998,1,39,3
743,2,0.5,1,316,1,33,0
1061,7,2.1,0,999,1,52,0
1428,4,1.6,0,1808,0,7,1
674,3,2.8,1,589,1,8,0
832,6,1.1,0,3317,1,46,3
1625,8,0.5,1,670,1,50,0
907,1,1.4,1,584,0,42,0
1631,2,0.5,0,2173,1,13,2
1584,4,1.3,0,1561,0,41,1
1382,2,0.5,0,2073,1,13,1
633,6,1.4,0,1401,1,46,1
1444,7,2.1,0,3764,0,38,3
852,5,1.6,1,1275,1,54,0
922,8,0.7,0,1464,1,47,1
1745,3,1.5,1,2885,1,57,3
862,8,2.3,0,3458,1,6,3
1754,4,2.1,1,3019,1,52,3
1008,1,2.5,0,1083,0,36,1
1569,1,0.5,1,3538,0,33,3
1596,2,2.9,1,2493,0,7,2
1807,6,0.5,1,3726,1,61,3
1660,1,2.8,1,1531,0,7,1
1861,7,0.9,0,601,1,55,1
648,5,1.9,1,2991,0,8,2
1379,8,0.5,1,3912,0,19,3
1910,2,1.7,0,309,0,34,0
1807,8,2,1,323,1,13,0
1923,1,0.5,1,1489,0,46,1
1345,3,3,0,1322,1,38,1
904,8,1.6,1,1846,1,14,1
1239,2,1.2,1,417,1,52,0
1330,4,0.9,0,3269,1,52,3
516,1,0.7,1,3731,0,30,2
672,4,0.5,1,667,0,54,0
892,1,0.5,0,1241,1,47,1
1778,6,0.5,0,3941,1,23,3
1130,5,2.5,0,1018,1,58,0
1359,2,0.6,0,3142,0,59,3
1866,5,2.5,1,1444,1,47,1
1597,1,2.3,0,934,0,34,0
1046,8,2.8,1,3863,1,58,3
1035,3,0.6,1,3506,1,44,3
1175,7,1.3,0,1944,0,19,1
1261,4,0.5,1,348,1,11,0
1068,4,0.7,1,550,0,51,0
1713,7,3,1,971,1,20,0
1688,7,2.5,0,3984,1,21,3
1413,5,0.5,1,2973,1,45,3
559,5,0.5,0,2019,0,11,1
1483,7,2.6,1,1587,0,19,1
860,7,1.6,1,1870,0,48,1
1090,4,1.3,1,1352,0,27,1
686,6,0.5,0,570,0,3,0
818,6,1.3,0,546,0,43,0
1456,3,1.6,1,3624,0,49,3
774,2,0.5,1,2944,1,10,2
1068,8,0.5,1,1209,1,19,0
1373,6,1.9,1,2752,1,29,3
1777,6,3,0,3868,0,20,3
594,5,0.8,0,3087,1,28,2
1524,2,2.6,1,947,0,57,0
511,3,0.6,1,1484,0,50,0
1402,7,0.6,1,347,0,46,0
965,8,0.5,0,3227,0,53,2
1270,5,2.3,0,3299,0,58,3
919,1,0.5,1,1028,0,13,0
1963,2,1,0,714,1,34,1
1977,8,1.3,1,2641,0,31,3
1881,5,2.2,0,1229,0,51,1
683,4,0.7,0,2622,0,19,2
772,2,2.6,1,929,0,6,0
536,3,1.4,0,1211,1,53,0
1694,6,1.8,0,1653,0,53,2
1633,2,1.7,1,511,1,33,0
1371,4,0.5,0,3034,0,52,2
551,7,2.8,0,1414,1,54,0
1221,1,0.5,0,2438,1,28,3
1000,8,0.5,0,3744,0,63,3
1986,4,2.7,1,1377,1,64,1
1119,4,0.5,1,3520,1,23,3
1699,4,0.5,1,3796,0,59,3
1099,3,0.5,0,1699,1,61,1
1576,3,2.6,0,336,0,58,0
950,5,0.5,0,1095,0,55,0
1081,3,2.5,1,325,0,49,0
606,4,2.5,0,1223,1,53,0
502,2,1.5,1,1649,0,37,1
957,2,0.7,0,1898,1,4,1
1658,5,1.4,1,2609,1,38,2
1681,1,2.5,1,2265,0,18,2
1983,6,0.5,1,2775,0,43,2
1753,7,1.2,0,1445,1,12,1
1632,4,1.4,0,2614,0,41,2
1949,7,1.4,0,356,0,57,0
1696,3,1.7,0,523,0,13,0
688,7,2.5,1,3745,0,57,3
1104,2,1.7,0,1229,1,60,0
1122,3,2.8,0,1402,0,28,1
504,5,0.5,1,2085,1,46,1
1154,7,0.5,0,587,1,14,0
1727,7,2.1,0,2457,1,63,3
1674,3,2.8,1,2030,1,52,2
1948,2,2.8,1,816,1,18,0
1218,7,2.8,1,1667,0,39,1
531,7,1.1,0,2958,0,63,2
1057,5,2.1,0,3705,0,5,3
576,8,1.2,0,2800,0,30,2
1960,7,2.1,0,3773,0,7,3
673,1,1.7,1,2050,1,22,1
718,1,0.7,1,1754,1,21,1
864,3,1.7,0,1904,1,35,1
547,5,1.9,1,2705,0,37,1
623,8,0.9,0,3537,1,3,3
1793,5,0.7,1,1370,0,27,1
1720,2,0.7,1,1222,0,19,1
812,4,0.5,1,3102,0,64,2
980,6,0.5,0,2268,1,33,2
643,8,1,0,2648,1,18,1
1925,8,3,1,2173,1,16,2
1408,4,2.5,0,3162,0,32,3
1522,1,0.7,1,1368,0,28,1
587,1,2.5,0,2746,1,51,2
1959,6,0.5,1,619,0,18,0
1872,6,0.5,1,724,0,17,1
1043,3,0.5,0,912,0,42,0
1809,6,0.5,0,2784,0,23,3
1703,6,0.5,0,793,1,23,0
1095,1,0.5,0,560,0,45,0
1414,4,2.6,0,312,0,27,0
1659,7,2.5,0,545,0,41,0
1540,7,0.7,1,1591,0,60,1
1342,7,1,0,2746,1,31,3
1189,3,2.3,0,893,0,8,0
518,6,2.4,0,2514,1,62,1
1449,1,0.8,1,1032,1,10,1
516,5,1.1,1,819,1,39,0
1569,3,0.8,1,3672,0,59,3
1312,6,0.8,1,3833,0,24,3
1893,8,0.5,1,1482,0,23,2
1076,5,2.5,0,2043,0,14,1
530,6,2.6,0,1229,0,40,0
1044,4,2.8,1,1816,0,33,1
1330,7,1.1,0,2166,0,37,2
1836,5,1.1,1,2469,0,14,2
1741,5,0.5,0,2575,1,55,2
1869,1,2.6,0,1375,1,30,1
1331,3,0.5,0,1732,0,55,1
1655,3,0.5,1,673,1,4,0
605,2,1.5,0,2301,1,18,1
1245,5,0.6,0,2676,0,30,2
1709,2,0.8,0,1781,1,58,2
846,4,2.6,0,2248,1,58,2
1403,4,2.5,1,921,0,62,0
688,3,1.5,0,391,0,2,0
775,7,2.5,1,1719,1,10,1
1154,5,2,0,3262,1,35,3
1375,2,0.5,1,1947,1,35,1
1827,7,0.8,0,2693,0,61,3
1697,4,0.5,0,441,1,60,0
741,5,1.5,0,1886,0,14,0
1672,1,0.5,1,1267,1,32,1
514,3,0.7,0,687,0,57,0
1375,1,1.3,1,2890,0,12,3
989,1,1.8,1,1737,1,55,1
1510,2,2.5,1,887,0,47,0
1266,7,2.6,0,398,0,18,0
1396,7,2.4,1,2389,0,46,2
808,1,2.3,0,3431,0,45,3
1542,2,2.3,0,3601,0,43,3
745,8,0.6,1,2459,0,35,1
1735,6,1.9,1,3230,1,59,3
586,2,0.5,1,3646,0,57,3
1341,8,2.1,1,2200,0,36,1
781,2,1.3,1,3862,0,64,3
501,6,0.5,1,3077,0,22,2
1224,2,1.8,1,621,1,44,0
1970,8,1.6,1,2372,1,58,2
618,2,2.2,1,2574,1,63,2
1537,4,2.9,0,2857,1,46,3
1018,8,2.2,0,3143,0,16,3
1545,5,1.3,1,3197,1,35,3
1871,8,2.1,0,2727,1,41,3
1729,1,2.1,1,1519,0,12,1
680,3,2.1,1,2438,1,9,2
1106,3,1.9,0,2674,0,54,2
635,5,0.6,1,2107,1,50,1
618,1,0.6,0,2262,0,16,2
1671,8,0.5,1,815,0,5,0
1562,7,1.2,1,2829,1,52,2
1975,1,1.9,1,3022,0,31,3
831,8,0.7,0,2573,1,62,2
1524,4,1.8,1,2678,0,10,2
1528,5,1.8,1,1282,1,55,1
1447,8,2.5,1,568,0,9,0
1344,1,1.5,0,2074,0,14,1
564,2,3,1,2227,0,8,1
921,2,0.6,1,1080,0,60,0
1413,6,1.7,0,2867,0,10,2
831,6,2.4,0,1075,0,55,0
802,5,0.5,1,3063,0,43,2
1923,4,1.3,0,2479,0,24,2
1193,3,3,0,2394,0,56,2
904,3,1.2,1,2814,1,31,2
1285,7,2.4,0,2094,1,51,1
1635,4,2.6,1,2315,1,2,2
1923,4,1,1,2519,1,14,2
1851,6,1.9,1,735,1,12,0
727,7,1.5,0,1891,1,32,1
1396,6,1.5,1,1386,1,44,1
877,1,1.3,1,3260,1,46,2
696,3,2.4,0,2022,1,35,1
1009,8,1,1,1716,0,2,1
1526,5,1.1,1,3317,1,38,3
987,7,2,1,1454,0,20,0
1414,4,2.2,1,2290,1,49,1
1732,5,0.8,0,3940,0,61,3
1587,8,0.5,0,461,0,50,0
1097,7,0.8,0,2219,1,21,2
504,3,2.8,1,470,0,40,0
1159,8,2.7,0,2495,1,28,2
1910,7,1.4,0,2944,0,29,2
865,3,1.2,1,2361,0,59,2
1930,8,2,0,1783,0,16,2
860,3,1.3,1,2832,1,40,2
1268,6,2.9,0,931,1,42,0
999,4,1.8,1,1344,1,27,0
622,2,0.7,0,3916,1,9,2
1250,7,1.4,0,1882,0,44,1
763,5,0.5,0,2865,1,51,2
1100,8,1.6,0,757,0,15,0
815,6,2,1,3469,0,51,3
618,3,0.5,1,2399,1,57,1
553,2,2.2,1,3300,1,18,3
673,2,2.2,1,2719,0,3,2
563,7,2,1,3012,0,47,2
1590,4,1.5,1,2836,1,14,3
1031,2,2.1,1,2385,1,11,2
909,3,0.5,1,594,0,30,0
1880,4,0.5,0,2968,1,7,3
1479,6,1.8,1,3762,1,24,3
1271,1,1.5,1,892,0,2,1
709,8,1.9,0,467,1,13,0
1744,1,2.8,0,345,1,62,0
1314,7,2.2,0,3033,1,40,3
1136,6,0.5,0,2110,1,9,2
1039,8,2.7,0,3105,0,56,2
1300,6,0.5,0,874,0,62,0
732,7,2.3,1,3681,1,39,3
511,2,0.7,1,3865,1,52,2
1092,3,0.5,1,737,0,11,0
921,7,2.2,1,3153,1,10,3
1030,1,0.5,0,2800,1,37,2
1130,1,1.8,1,315,0,27,0
1299,8,2.8,1,1412,0,60,1
1009,7,2.8,1,2286,1,2,2
1735,2,1.8,1,2392,0,34,2
1129,2,2.8,1,1857,0,49,1
708,7,1.9,0,1419,0,26,0
894,2,0.7,0,3305,1,58,2
530,6,2.4,0,959,0,32,0
1481,3,2,1,2635,0,35,2
1068,5,2.7,1,1754,1,45,1
1487,3,0.5,0,2563,1,57,2
1524,4,2.5,1,1936,1,41,1
1093,8,1.9,1,1869,1,22,1
1816,5,1.6,1,3637,0,50,3
627,3,1.8,0,896,0,20,0
989,3,0.7,0,2349,1,51,1
1895,1,0.5,0,774,1,5,1
805,3,1.7,1,3397,1,58,2
713,8,1.6,0,485,1,2,0
864,4,2.5,0,3964,1,24,3
1177,4,0.9,0,1887,0,11,1
582,3,0.5,0,2977,0,32,2
1898,7,1.8,1,2114,1,56,2
1158,2,0.7,1,1542,1,29,1
1451,8,0.5,0,3038,1,57,3
1820,7,1.4,0,2481,0,51,2
984,3,0.5,1,841,1,9,0
580,4,2.1,1,3565,0,24,2
1263,6,2,0,1958,0,5,2
1237,8,0.5,0,2454,0,27,2
514,1,1.6,0,3392,1,37,3
1515,3,2.6,0,262,1,56,0
721,4,0.5,1,530,1,6,0
603,3,2.5,1,3703,0,35,3
1426,1,2.5,0,2562,1,55,2
1820,1,1.7,1,574,1,64,1
1215,4,1,0,2632,0,16,2
697,2,2.7,1,259,1,20,0
717,1,0.5,1,688,0,10,0
1348,6,2,1,2554,0,36,2
1164,1,2.6,1,3859,0,61,3
578,5,0.5,0,2977,1,62,2
1971,7,0.5,1,571,0,40,0
1794,7,0.5,1,402,1,55,0
1558,5,2.5,0,878,1,32,0
1597,1,0.9,0,2130,1,4,2
1240,2,1.6,0,3260,0,39,3
1994,8,0.8,1,454,1,7,0
1221,7,2.3,0,2638,1,35,2
989,8,1.6,1,2819,1,24,2
1180,4,1.2,0,1464,1,50,1
718,6,2.8,0,1824,0,59,1
1670,8,1.6,1,876,0,47,1
534,7,2.5,0,2706,1,21,2
1566,2,0.5,1,659,0,20,1
1935,5,0.5,0,455,1,29,0
504,2,2.8,1,2378,0,54,2
913,1,1.7,1,2278,1,41,1
1317,5,1.8,1,3436,0,43,3
917,6,0.5,0,3424,1,31,3
712,6,2.5,1,401,0,49,0
1083,2,1,0,681,0,52,0
1039,6,0.6,0,3212,1,6,2
1747,6,0.5,0,3105,0,13,3
1449,6,0.5,1,2036,0,52,1
1872,7,0.5,1,3153,0,49,3
1796,4,1.6,1,1642,0,7,1
1097,1,1.4,0,509,0,60,0
1562,8,0.5,1,3465,1,20,3
1433,7,2.3,0,3900,1,27,3
740,1,1.8,0,1105,0,12,0
676,1,2.2,0,2064,1,39,1
503,1,1.8,1,3117,1,13,3
1020,3,1.5,0,1142,1,7,1
896,1,1,1,1060,1,4,1
1824,2,0.8,0,2381,1,19,2
1512,3,0.6,1,3366,1,54,3
1053,6,2.9,0,1339,0,42,0
1944,4,1.8,1,2560,1,31,3
1174,2,0.7,1,285,1,25,0
627,7,1.6,1,2476,1,12,1
1602,1,2.7,0,1862,1,46,1
1733,1,1.5,1,3488,1,6,3
586,8,1.4,1,3178,1,8,2
1528,8,2.4,0,733,0,37,0
875,7,0.7,0,756,0,23,0
1602,1,0.6,0,3622,0,58,3
1426,5,1.6,0,1277,1,12,1
1370,6,1.4,0,3703,1,6,3
609,6,0.5,0,1905,1,10,1
840,6,1.2,1,2636,1,15,2
991,5,2,0,2014,1,12,2
1724,2,1.8,0,3056,1,9,3
584,3,1.8,0,465,1,19,0
860,6,1.3,1,3869,1,49,3
1541,5,2.8,1,1108,1,28,1
615,5,0.5,1,1906,0,58,1
912,4,2.8,1,851,1,46,0
1278,7,1.2,0,3142,1,60,3
1365,4,0.6,0,1300,1,31,0
1702,5,1,0,1430,0,36,2
589,8,0.5,0,362,1,59,0
1347,1,1.5,1,2456,0,56,2
1644,8,2.8,0,2360,1,44,2
956,7,1.9,1,3700,0,42,3
1089,7,1.4,1,2620,0,2,2
871,3,0.6,0,437,0,52,0
664,2,1.5,0,3774,1,6,3
1874,2,0.6,0,1218,0,19,1
1928,5,2.6,0,696,0,5,0
888,2,2.6,1,3407,1,33,3
1077,7,1.7,1,3902,0,58,3
1023,8,2.3,1,2086,1,30,1
1426,3,0.8,0,1356,1,42,1
831,5,1.7,1,1704,1,26,0
1496,3,1.3,1,3571,1,6,3
1433,5,2.3,0,2132,1,5,1
1095,4,2.6,1,3209,1,44,3
643,1,0.7,1,2096,1,23,1
1142,4,1.1,0,1273,1,6,1
730,5,0.5,1,3623,1,27,2
1901,2,0.5,0,368,1,41,0
1510,3,0.6,1,854,0,32,1
1924,6,2.6,0,3646,1,59,3
1825,4,1.1,1,3130,1,17,3
1275,1,0.5,1,3784,1,5,3
987,7,2.3,0,3885,0,17,3
1538,7,2.3,0,1494,1,13,1
1965,5,0.5,0,2973,1,29,3
808,6,1.9,0,1471,0,20,0
712,2,0.5,0,2001,0,27,1
1507,5,0.9,1,1486,1,42,1
912,3,0.7,0,1321,0,47,0
769,8,1.2,0,1877,0,17,1
948,5,2.3,0,3499,0,22,3
507,1,1.9,1,2124,1,39,1
1384,3,2.8,1,1221,0,60,1
1766,8,1.3,0,2316,0,29,2
1407,4,1.8,1,1068,1,16,1
614,4,2.9,1,1930,1,24,1
1972,7,2.9,0,1316,0,14,1
1039,8,0.5,1,1742,0,47,1
511,8,3,1,3265,1,34,2
1811,4,2.5,0,2700,1,5,2
1159,4,1.5,0,2115,0,36,2
1848,2,1.3,1,3915,0,12,3
1988,8,0.5,0,3144,1,16,3
1469,7,0.5,0,1571,1,58,2
1423,5,0.6,0,2253,0,44,1
1974,6,0.5,1,1433,0,10,1
835,5,0.8,1,2583,1,42,2
1429,5,0.6,0,1817,0,42,1
947,2,0.5,0,2915,1,51,2
1446,8,2.8,1,3340,1,18,3
1332,7,1.3,1,2790,1,7,2
1498,4,1.2,1,577,1,14,0
1576,2,0.9,1,3220,1,14,3
1398,1,1.6,1,3488,1,26,3
1885,4,2.4,1,1277,1,14,1
798,2,0.5,1,3593,0,2,2
1436,8,2.5,1,2736,1,42,3
1998,8,1.2,0,2311,0,31,2
1321,8,1.3,0,1464,1,63,1
1021,2,1.3,0,1355,0,9,1
1339,2,2.3,1,2382,0,40,2
1210,4,1.6,1,1886,0,57,1
1949,5,0.5,1,832,1,31,1
882,6,0.7,1,751,1,28,0
1549,5,1.5,1,436,1,27,0
1991,1,2.2,1,722,1,42,0
796,1,0.5,0,1075,0,12,0
1012,4,0.5,1,2802,0,39,2
1318,2,1.9,1,1780,1,11,1
1708,4,0.8,0,1247,1,14,1
598,8,0.8,1,3066,1,62,2
541,8,2.3,0,403,0,51,0
818,5,0.5,1,2518,1,23,2
1414,2,0.5,0,1069,1,15,0
601,4,1.7,1,2651,1,6,2
561,7,2.8,1,2974,1,40,2
1616,5,2.3,1,657,0,52,0
1263,2,1.4,1,3372,1,32,3
1604,5,1.9,1,1464,1,63,1
539,4,2,1,1326,0,24,0
1071,4,2.6,0,3393,0,49,3
826,2,0.5,1,323,1,57,0
771,1,2.9,0,1628,0,62,1
1811,8,2.9,0,2610,0,33,3
1842,4,2.2,1,3721,0,56,3
1420,8,2.8,1,763,0,50,0
1763,3,0.5,1,792,0,10,0
1163,5,1.9,0,1568,0,2,1
1805,4,0.5,0,1276,0,29,1
610,4,1.6,1,3472,0,52,3
1533,4,1.1,1,2520,1,17,2
1924,2,0.5,0,3423,1,63,3
1801,6,0.5,1,258,0,52,0
1726,5,1.9,0,1868,1,42,2
794,3,2.5,1,2171,0,14,1
1686,5,0.5,1,780,0,28,0
1444,1,2.1,1,712,0,6,0
1004,8,1.6,1,1012,1,30,0
1242,4,2.4,0,318,0,28,0
539,6,1.5,0,3948,1,26,3
717,8,1.1,1,629,1,14,0
1540,7,0.7,1,1161,1,29,0
672,8,0.5,0,1403,1,35,0
1325,4,0.5,0,3707,1,13,3
950,8,0.5,0,1305,1,55,0
948,4,1.5,1,2926,0,18,2
1328,3,0.5,0,2674,1,27,2
1447,2,0.5,0,471,0,40,0
1973,8,0.5,1,1724,0,21,1
1731,4,2.3,1,1220,0,60,1
1617,2,1.5,0,2754,1,63,2
1791,5,0.5,1,594,1,33,0
851,2,2.3,1,1005,1,54,0
856,1,1.9,1,2439,1,14,1
714,4,0.5,0,2302,0,30,1
951,2,0.5,0,1083,1,15,0
1303,8,2.1,0,2219,1,10,2
1550,7,2.7,0,1571,0,32,2
1759,4,1.4,0,2107,1,15,2
1448,5,0.5,1,593,0,2,0
1987,8,1.9,0,857,0,50,1
908,5,2.1,0,3518,0,44,3
820,4,0.5,1,1284,0,58,0
904,6,2.7,1,545,0,19,0
667,6,1.3,1,3566,1,6,2
1109,1,2.1,0,2821,0,34,2
1333,7,1.4,0,3442,1,59,3
1352,6,2.4,0,1309,1,6,1
1600,6,2.5,1,1179,0,19,1
1454,8,1.4,1,1713,0,37,1
1489,3,2.1,1,1663,0,9,1
1823,8,2.8,1,1812,0,10,2
1581,4,1,0,1384,0,41,1
1672,8,1.7,1,1348,1,44,1
1283,4,0.7,1,3957,1,27,3
630,8,2,0,1212,1,14,0
659,8,2.2,0,3925,1,24,3
1811,6,0.5,1,348,0,32,0
688,5,2.5,0,1382,0,40,1
514,2,2.9,1,980,0,18,0
1933,3,2.8,1,838,0,16,0
915,3,2,0,378,1,31,0
1006,4,2.2,1,909,1,22,0
1134,4,0.9,0,3632,1,13,3
599,8,2.9,0,3396,1,64,2
973,5,0.5,1,1861,0,53,1
1180,6,2.5,0,348,1,27,0
1237,4,2.5,0,2528,0,13,2
659,8,0.5,1,2190,1,5,1
1142,8,1.4,1,663,0,6,0
1002,6,2.7,1,961,1,11,0
1392,4,2.5,0,1280,1,44,1
602,8,0.9,0,2189,0,50,2
1249,3,0.5,0,531,1,55,0
531,4,0.5,1,2331,1,12,1
1450,5,2.1,0,794,0,31,1
1342,1,2.8,0,2644,0,50,2
832,1,0.5,0,1666,1,22,1
867,4,1.5,0,2157,1,57,1
1404,1,2.1,0,1196,0,44,1
840,6,0.9,1,2072,0,33,2
1368,1,0.5,0,1590,1,42,1
1927,8,0.9,1,2916,0,11,3
1714,2,0.5,1,3707,0,31,3
1201,6,0.5,0,726,1,10,0
1796,2,2.3,0,3577,0,44,3
1147,6,0.8,1,2627,0,28,2
776,4,1.7,0,685,1,20,0
510,6,2.6,0,1693,0,33,1
1045,6,1.2,1,2137,1,40,2
1497,8,0.9,1,3696,1,10,3
1425,3,0.6,0,3771,1,33,3
726,4,2.2,0,1342,1,40,0
1576,3,2,0,1379,1,20,1
714,3,2.1,1,1164,1,11,1
1595,1,1.9,1,908,0,63,1
541,4,1,0,1019,1,10,1
1617,6,2.6,0,3685,0,29,3
1154,1,1.1,1,1470,1,5,1
1638,1,1,0,2299,0,2,2
1150,8,2.7,0,999,0,39,0
1254,1,2.3,0,3011,1,44,2
1806,1,2,1,3142,1,54,3
603,6,1.5,0,1543,0,12,1
1834,4,2.1,0,3692,1,40,3
520,6,2.3,0,2753,1,31,1
565,2,0.6,1,2156,0,50,1
1689,5,0.5,0,2637,0,9,2
742,8,2.3,0,331,0,21,0
1143,3,1.2,1,1214,1,22,1
761,7,0.5,0,2248,0,3,2
959,5,1.3,1,3073,0,36,3
772,7,1.2,1,422,1,8,0
1015,3,0.8,0,2293,0,12,1
1824,1,1.9,1,3958,1,2,3
1130,1,0.5,1,432,1,29,0
1183,8,0.5,1,1152,1,48,0
574,6,2,1,1303,1,26,0
1472,2,3,0,797,1,20,0
1868,8,0.5,0,298,1,40,0
1375,6,2.9,0,3847,0,20,3
881,3,1,0,2110,0,64,1
1742,3,0.5,1,1921,1,43,2
1225,2,0.7,1,2423,0,60,2
1970,2,0.5,1,1658,1,15,2
1186,8,0.5,1,2361,0,21,1
1762,4,0.7,0,1380,0,60,1
1731,6,1.4,1,3892,1,4,3
852,5,1.8,1,315,1,8,0
848,4,1.5,1,2289,1,36,1
1575,7,2.5,1,2182,1,11,2
1554,6,2.8,1,2184,0,23,2
1972,8,1.6,0,2872,0,48,3
827,6,0.6,1,2367,1,35,1
1063,4,1.5,0,1919,0,3,1
1695,5,2.3,1,3296,0,34,3
1343,8,2.4,1,462,1,14,0
834,1,0.5,0,1591,1,27,1
595,2,2.6,0,1593,1,20,0
1081,7,1.9,1,2456,1,42,1
911,4,1.4,1,2933,0,14,3
844,7,2.2,1,3154,1,22,3
1335,2,3,0,3615,0,60,3
1883,1,1.6,0,3563,0,24,3
1128,8,0.5,1,1440,0,33,1
826,2,2.4,1,1907,1,57,1
1650,1,2.3,0,324,1,38,0
1162,4,1,0,1404,0,50,1
1517,4,2.5,0,2738,1,8,2
963,3,0.5,0,2722,1,60,2
1837,8,1,1,2294,1,12,3
1028,1,2.8,0,1424,1,30,1
1831,8,2.2,1,1133,0,55,1
571,6,2,1,555,1,58,0
1770,6,2.3,0,3785,0,9,3
970,7,1.3,1,3675,0,59,3
642,5,0.5,0,435,1,38,0
622,8,1.9,1,3183,0,11,2
600,2,1.8,0,3495,1,6,2
1412,3,0.6,0,1853,0,57,1
733,4,0.8,0,2648,0,16,2
1070,7,3,0,2647,0,19,2
875,8,0.7,1,702,0,30,0
1994,2,0.7,0,1836,0,5,2
823,5,1,1,3894,1,18,3
1908,2,0.5,0,2944,1,30,3
790,8,0.5,1,3424,1,44,3
1330,1,1.8,1,2678,0,40,2
1660,8,0.5,0,2424,1,15,2
1776,6,2.2,0,2671,0,20,3
1611,1,0.5,1,3078,1,27,2
1410,3,0.5,1,2304,1,15,2
1772,2,1.6,0,1146,1,45,1
1280,7,1.3,0,2335,1,39,1
1712,7,0.9,1,1422,0,23,1
1562,8,0.7,0,2096,0,55,2
891,6,1.9,1,1303,1,18,0
1957,2,1.2,1,1115,1,36,1
1110,5,0.6,0,456,0,42,0
875,8,1.4,1,3396,1,43,3
1211,2,1.2,0,2750,0,28,2
769,4,0.5,1,941,1,54,0
671,6,2.9,0,2278,1,2,2
1872,4,0.5,0,2273,1,26,2
1076,5,2.3,1,2355,1,14,2
1325,1,1.9,0,2328,0,50,2
911,2,2.2,1,2638,1,28,1
1273,6,0.7,0,558,0,23,0
1062,4,0.5,0,1345,1,39,0
1317,2,1.5,0,425,0,12,0
940,4,2.9,0,2192,0,16,1
729,6,2,0,3397,0,14,2
1494,7,2.4,0,1208,1,3,1
1546,2,1.6,1,267,1,27,0
1253,4,0.7,0,3518,1,34,3
895,8,0.5,1,3122,0,16,2
793,8,1.9,1,1050,1,43,0
1628,2,1.8,1,3358,0,56,3
625,8,2.7,1,2929,0,42,2
1110,8,1.5,0,624,1,12,0
999,1,1.7,0,1598,0,49,1
1856,5,0.5,1,2052,1,24,2
1715,6,2.6,1,1249,1,15,1
1897,2,1.9,0,412,1,54,0
1202,2,2.4,1,595,0,19,0
1171,7,1.7,1,263,0,19,0
964,8,2,0,2577,1,22,2
1973,4,2.4,1,639,0,46,0
1992,1,0.6,1,3206,0,2,3
546,5,2.6,1,1550,0,26,1
1093,2,0.5,0,1646,1,31,1
1880,4,2,0,1930,0,35,2
1765,2,1.1,0,3695,0,11,3
1640,8,0.5,1,3235,1,36,3
1830,6,0.5,0,2334,0,7,2
826,4,0.6,0,1998,0,62,1
1864,1,2.2,0,2258,1,7,2
586,7,0.6,0,1869,1,42,1
1206,3,3,1,1825,1,30,2
832,5,0.5,1,3946,1,5,3
848,7,2.8,0,436,0,8,0
1851,6,2.9,0,2678,0,53,2
1166,1,0.5,0,3887,0,59,3
1776,4,2.1,1,1813,0,35,1
1254,2,1.2,0,817,1,27,0
1494,1,1.6,1,3614,1,24,3
984,8,2.2,1,2013,1,39,1
1179,5,0.8,0,543,0,5,0
513,8,1.9,0,3400,0,27,2
557,6,0.5,1,2623,0,17,1
744,4,1.7,1,2700,1,33,2
1129,2,0.8,1,1400,1,21,1
1148,5,2.3,1,3127,1,58,2
1793,5,2.7,0,2803,1,44,3
1310,5,2.3,1,2518,0,15,2
1604,6,1.2,0,3564,0,6,3
1676,1,1.6,0,2515,0,37,2
1001,3,2.8,1,3654,0,40,3
1086,8,2.7,0,3930,1,24,3
1986,7,0.5,1,3476,1,39,3
634,1,0.8,0,3242,0,41,3
502,6,0.8,0,2666,0,52,2
1641,8,1.1,0,1695,0,48,2
623,3,1.4,1,3510,1,15,2
962,8,1.1,1,3438,0,17,3
1057,4,2.7,0,2033,1,41,1
1862,1,1.5,0,1017,0,62,1
555,2,3,1,1686,1,38,1
1000,5,2.7,0,862,1,58,0
841,5,0.5,0,957,1,11,0
865,4,2.9,0,3494,0,16,3
999,4,2.6,1,3083,1,56,2
1232,6,1.2,0,1656,0,30,1
1194,2,2.3,0,313,1,34,0
612,8,0.5,1,3282,1,20,3
1362,6,2.9,0,3629,0,47,3
1469,2,1.7,1,1687,1,44,1
986,4,0.8,0,1149,1,28,0
1843,3,2.8,0,3899,1,62,3
1561,2,0.5,1,1783,1,4,2
1695,5,0.5,1,1629,1,47,1
667,1,2.6,1,2528,0,8,2
1768,7,2,0,3256,1,2,3
1269,8,2.8,1,2341,0,41,2
1109,1,2.8,1,2785,0,57,2
936,3,0.5,1,3761,1,14,3
1713,6,2,0,1513,1,5,1
1175,2,1.7,1,2240,1,45,1
1940,4,1,1,820,1,5,1
855,2,0.5,0,1875,1,59,1
771,3,0.5,1,920,1,33,0
645,4,2.5,0,3615,1,63,2
1307,7,1.8,0,1412,0,7,1
1948,1,2.9,1,361,0,5,0
1509,4,0.6,1,1540,0,50,1
626,2,2.8,1,1077,1,11,0
1190,5,2,1,3610,0,40,3
1727,6,2.1,1,512,0,57,0
1670,8,3,0,3024,0,62,3
1150,1,0.5,1,1610,1,27,1
1208,1,2.9,0,2201,1,16,1
1812,7,1.3,1,3338,1,42,3
770,4,1.5,1,3473,0,61,3
1559,8,1.3,1,2203,1,10,1
1902,4,0.5,0,940,0,13,1
1751,8,2.5,0,1155,0,4,1
1416,4,1.8,1,3872,0,20,3
1288,6,0.5,1,1882,1,61,2
1003,8,2.9,0,1798,1,16,1
1715,6,0.5,1,2598,1,18,3
1967,1,0.5,0,1567,1,46,1
962,1,1,1,1491,0,2,1
1487,2,1.5,0,2003,1,42,2
1569,4,1.6,1,3905,1,54,3
1146,5,3,0,291,1,57,0
1379,8,1.5,0,1693,1,9,1
1504,4,1.9,1,1788,1,25,1
1945,6,1.2,0,3322,0,26,3
1630,6,2.8,1,1751,1,32,2
1125,1,2.7,0,1641,0,23,1
614,7,0.7,0,2854,1,51,2
854,4,1,0,3115,1,17,2
1470,1,1.7,1,3259,0,45,3
1826,8,0.5,1,1612,1,49,2
807,4,0.5,1,2319,0,37,1
1996,5,2.8,1,1258,1,7,1
1083,5,2,0,1543,0,41,1
1035,2,0.5,1,3991,1,49,3
1521,1,1.6,0,3555,1,62,3
1314,4,2.8,1,3411,1,5,3
535,8,1.9,0,524,0,24,0
673,6,1.9,0,3541,1,35,3
1219,6,1.6,1,1998,0,4,2
1606,5,0.5,1,3437,1,33,3
1603,2,0.5,1,1637,1,17,1
1958,1,0.5,0,3064,1,52,3
695,2,0.5,0,2855,1,12,2
1441,1,0.6,1,1393,1,53,1
1470,7,2.2,1,1633,1,33,2
1890,4,1.1,0,2392,1,48,3
1152,2,2.1,1,3284,1,26,3
1619,6,0.9,0,464,0,20,0
1002,7,1.8,0,1234,0,45,0
742,3,0.5,0,292,1,36,0
1306,3,2.1,1,2521,1,33,2
1424,5,2.9,1,2658,0,20,2
942,4,1.4,1,587,0,27,0
1934,4,2.7,0,2190,1,2,2
1290,4,1.4,1,879,1,35,0
930,1,2.1,1,1743,0,54,2
1699,4,0.5,0,1181,0,21,1
1849,7,0.5,0,3330,0,29,3
1922,8,0.5,0,3564,1,42,3
548,4,1,1,562,1,56,0
916,4,0.5,0,1659,1,47,1
1783,8,0.5,0,1816,0,14,2
1083,5,1.4,1,1338,1,49,0
1698,8,2.8,0,2992,1,7,2
1969,8,0.8,1,315,1,7,0
869,7,1.9,0,3249,0,2,2
1337,4,2.7,1,3242,0,5,2
637,4,0.8,1,2725,0,28,2
833,4,0.6,1,586,1,27,0
1248,3,2.4,0,2454,1,9,2
1174,4,0.9,0,804,0,30,0
1831,7,2.3,0,2460,1,44,2
1002,1,2.6,1,1295,0,27,0
1010,5,2,1,2625,1,8,2
1117,2,0.5,1,1999,0,21,1
990,2,2.7,1,2698,0,15,2
1564,6,1.4,0,3742,1,26,3
1065,5,2.8,1,1193,1,21,1
1982,7,1.1,0,3511,0,24,3
1607,2,1.1,1,885,1,20,0
1066,5,3,1,1044,1,5,0
681,5,0.5,1,2548,1,17,2
1163,2,2.1,1,2940,1,19,2
1285,5,0.8,1,3966,1,11,3
753,8,0.5,0,3484,1,48,3
1779,1,2.6,1,1246,0,5,1
987,3,1.9,0,2757,1,52,2
511,3,0.9,1,2378,1,24,1
1044,6,1.8,0,1794,1,12,1
1855,8,0.5,0,3933,0,32,3
946,6,1.4,0,1637,0,26,0
657,8,1.9,1,783,0,21,0
1673,5,1.6,0,3094,0,42,2
731,8,0.5,1,1774,1,28,1
926,7,0.8,0,256,1,59,0
1261,2,0.5,0,1365,1,52,1
618,3,1.1,0,2339,1,45,2
936,2,2.3,0,2049,1,57,1
1485,5,0.9,1,3241,1,28,3
1339,4,0.5,1,867,1,21,0
508,5,1.3,0,2175,0,50,1
1938,2,0.5,1,3497,0,44,3
995,4,1.3,1,609,0,10,0
1086,6,1.7,1,3285,1,43,2
1322,1,2.3,1,3684,1,35,3
1864,6,1.9,1,3586,0,57,3
1944,4,0.5,0,2322,1,26,2
581,2,0.6,0,354,1,56,0
1020,4,0.7,1,3204,1,27,3
1936,3,1.3,0,1400,0,44,1
1329,8,1.7,0,2308,1,23,1
808,8,0.5,1,1082,0,46,0
994,2,1.2,1,3104,0,40,2
1811,2,2,0,2847,1,22,2
765,8,2.5,0,2256,0,44,2
993,7,2.3,1,1113,0,16,0
1136,6,1.6,0,3210,0,32,3
719,6,0.5,1,3990,1,23,3
733,7,0.6,1,984,0,63,0
1946,8,2.7,1,3117,0,8,3
1230,7,1.6,0,1622,1,48,2
1577,3,1,1,2967,1,64,3
1514,3,1.4,0,1037,1,12,0
579,8,2.5,0,2908,0,7,2
574,2,3,0,1167,1,30,0
1072,8,2.2,1,2715,0,19,2
843,7,1.3,1,1734,0,16,1
1492,3,1.5,0,2259,0,11,3
1807,3,2.9,0,2921,0,16,3
909,3,0.7,1,1244,0,47,0
1876,3,1.3,1,3132,1,64,3
1436,5,2.4,1,2488,1,23,2
1251,6,0.5,1,1052,1,29,0
636,2,0.5,0,2927,1,28,2
1354,4,0.7,1,2090,1,26,1
930,4,0.5,1,2131,1,34,2
1830,1,1,0,3362,1,47,3
1424,4,0.5,1,1053,1,23,1
583,8,0.9,1,1799,0,51,1
648,5,0.5,1,3124,1,54,3
1203,2,0.5,1,1672,1,11,0
1777,4,2.2,1,1552,0,15,1
1299,6,2.8,1,1938,0,64,1
1494,2,1.9,0,3202,1,47,3
527,1,0.7,1,1302,0,53,0
793,4,2.8,1,2296,1,64,1
873,7,0.5,1,575,0,8,0
722,6,1.1,0,2359,0,12,1
1250,5,1.5,0,3314,1,20,2
1358,3,1.7,0,440,0,60,0
1035,6,1.9,1,2002,0,11,1
1289,6,0.8,1,3167,1,16,3
1445,2,2.2,1,3480,0,37,3
1702,2,2.3,1,595,1,47,1
534,5,0.5,1,2466,0,2,2
628,6,1.8,0,1337,0,60,1
713,1,1.4,1,1462,0,53,0
1207,8,0.5,0,503,0,58,0
683,7,2.1,0,2066,0,30,1
594,5,2.6,0,708,0,27,0
537,7,2,0,2029,1,55,1
1565,5,0.5,0,308,0,38,0
1052,4,0.9,0,552,0,6,0
713,2,1.6,0,2082,1,63,1
1766,5,0.5,1,3314,0,16,3
584,4,1.7,1,3996,1,19,3
1541,4,1.5,1,1795,1,5,1
837,5,2.4,1,594,0,51,0
935,5,0.5,1,2473,1,58,2
665,5,0.7,0,690,1,31,0
680,2,2.4,0,3845,1,34,3
877,7,1.5,1,2004,1,17,1
1493,5,1.5,1,2083,0,53,2
1762,6,0.6,0,2661,1,26,2
842,3,1.8,1,1903,0,57,1
925,1,2.1,0,2466,0,56,2
1692,1,2.1,0,3779,1,2,3
1576,3,2.2,0,3904,0,5,3
1065,6,1.7,1,265,1,48,0
958,1,1.6,0,1417,1,60,0
623,7,0.8,0,1769,1,26,1
897,1,1.4,1,2948,0,17,2
1110,3,1.5,0,2572,1,41,2
616,7,2.2,0,3267,1,21,2
1680,4,1.2,1,1459,1,37,1
1715,8,1.3,0,1633,1,12,2
983,4,0.6,1,2052,1,45,1
720,4,0.9,1,1086,1,14,0
1660,2,0.6,0,2402,1,24,2
1564,2,1.5,1,3376,0,42,3
592,7,0.8,1,1507,0,52,0
969,3,1.8,1,641,1,44,0
1356,1,0.5,1,3451,0,35,3
504,7,1,0,1607,0,14,0
1546,1,0.5,1,3521,1,6,3
689,2,2.9,1,1241,1,7,0
1685,7,0.6,0,881,0,16,0
1792,7,1,0,2563,1,62,3
1786,3,1.2,0,3033,0,61,3
1944,7,0.6,1,769,1,59,0
1077,4,2.5,0,3454,1,49,3
648,4,1.8,0,819,1,60,0
1702,6,0.5,1,435,0,2,0
1571,7,2.9,0,586,0,30,0
856,6,1.1,1,650,1,19,0
1786,4,2.6,0,3038,0,14,3
914,5,0.7,0,3736,1,60,3
1615,1,2.8,0,2948,0,9,2
649,7,1.4,0,739,1,19,0
1646,2,2.5,0,686,1,25,0
1189,2,1.9,0,841,0,7,0
1043,8,2.7,0,1183,0,29,0
1920,3,0.6,1,3943,1,19,3
1220,7,2.8,0,1037,0,54,0
1748,4,0.5,1,2633,1,53,2
907,3,2.6,1,3911,0,44,3
1193,7,2.3,0,1958,0,20,2
1766,8,0.5,1,3297,1,22,3
1278,3,1,0,3141,1,24,3
1234,6,1.7,1,3351,0,17,2
1961,7,1.5,0,2355,0,55,3
1745,3,2.9,0,1308,1,3,1
1442,5,0.6,1,991,0,27,0
1083,8,2.9,1,3248,1,39,2
868,4,0.9,0,1519,0,5,0
864,6,1.6,1,493,1,53,0
1142,6,1.2,0,1747,0,2,1
608,4,0.5,1,2517,0,64,1
983,1,1.8,0,1389,1,53,1
1720,5,1.6,0,2522,1,2,2
1802,5,1.2,1,1885,0,27,2
591,7,2.1,1,704,1,16,0
1205,6,2.7,0,953,0,10,0
1369,1,1.7,1,3206,0,28,3
713,1,0.9,1,928,0,42,0
1082,4,2.3,1,2177,0,2,1
1719,3,2.1,1,2610,0,52,2
1544,7,2.4,0,489,1,12,0
1090,8,2.3,0,3839,1,8,3
1991,1,2.8,0,1861,1,15,1
1367,2,2.9,0,299,0,56,0
1179,2,0.5,0,340,1,32,0
721,5,2.7,1,3606,1,15,3
1549,4,1.8,1,799,0,62,0
1349,6,2.1,1,2367,0,46,1
1799,3,1,0,445,1,30,0
1075,1,0.5,1,3927,0,11,3
684,5,0.9,1,3756,1,63,3
1837,4,0.5,0,770,0,36,0
1619,1,1.9,0,1641,1,21,1
965,8,1.4,0,2343,0,13,2
730,4,1.5,0,2787,0,9,2
1361,5,1.4,0,2495,0,47,2
1494,5,1.6,0,3208,1,45,3
1027,7,0.8,0,1234,0,18,0
1807,8,0.8,1,1069,1,38,1
709,5,2.4,1,3568,0,11,3
689,5,1.4,0,3585,0,45,3
955,4,0.5,0,1974,0,2,1
1872,3,1.9,0,2419,0,35,3
1259,2,1.2,1,340,0,13,0
695,8,1.2,0,2282,1,41,1
1969,4,1.2,1,298,0,63,0
759,2,2.5,0,968,1,39,0
936,3,1,0,2391,0,18,2
1176,2,2.1,0,1534,1,62,1
1802,7,2.7,1,696,1,10,0
772,7,1,1,2782,1,23,2
1318,2,2.4,0,755,1,45,0
591,6,0.5,1,3746,1,16,3
569,1,2.5,1,2651,0,41,1
764,8,1,1,1341,1,45,0
1056,3,2.1,1,2651,1,37,2
1982,5,1.6,0,1824,1,12,1
1830,6,0.5,0,1905,0,14,2
1122,7,0.5,0,1456,1,40,1
1023,7,0.7,0,3155,1,63,3
1283,3,2.4,1,773,1,33,0
1602,7,1.6,1,1829,1,35,2
732,8,1.3,0,3883,1,32,3
1854,1,0.9,1,1675,1,33,1
718,3,1.6,1,1601,1,30,1
897,8,2,0,1958,1,2,1
1405,4,1.7,0,2376,0,8,2
798,2,0.6,1,1647,1,21,1
1035,5,2.7,0,3548,0,40,3
1396,4,0.6,0,2694,0,37,2
1749,1,0.5,1,2195,1,49,2
1588,5,2.5,0,2506,1,4,2
1600,4,0.5,0,2073,1,16,2
1522,6,2.2,0,3767,0,21,3
1279,6,2.5,0,1150,1,7,1
719,6,2.9,0,841,0,6,0
544,5,0.5,1,1675,1,7,0
1007,8,2.9,1,1301,1,21,0
590,6,1.2,1,1817,0,32,0
1788,6,0.5,0,2321,1,6,2
748,7,1.4,0,1974,0,25,1
757,7,0.9,1,3433,0,64,2
1561,3,1.6,1,1205,1,27,1
1327,7,2.8,0,872,0,23,0
797,8,1.5,1,2052,0,18,1
727,1,2.5,1,3654,1,64,3
686,4,2.7,1,1503,0,36,0
1515,5,2.1,1,3104,1,24,3
555,5,0.5,1,343,0,17,0
1589,5,0.6,0,3430,0,5,3
1976,4,2.6,1,2470,0,45,3
1884,6,1,1,1396,0,24,1
1063,6,2,0,2668,0,27,2
672,5,0.6,1,1457,0,61,0
635,7,0.5,0,2452,0,16,2
1906,3,1.9,1,1871,0,55,1
1753,4,0.7,0,1112,0,40,1
659,8,1.4,1,967,1,3,0
1583,2,1.2,1,2498,0,14,2
1783,6,2.9,1,387,0,42,1
1667,2,1,1,635,1,21,0
640,8,1.3,1,2711,1,6,2
1913,5,1.8,0,2023,0,29,2
538,7,1.1,1,2215,1,25,1
1191,6,0.8,0,824,1,46,0
816,1,3,1,3851,0,9,3
915,2,0.5,1,2156,1,33,1
1157,8,0.8,0,2885,0,27,3
1201,7,0.5,0,495,0,10,0
1379,2,1.1,1,2358,1,18,2
1483,5,2.2,0,1744,1,53,1
1614,3,1.2,0,1832,1,9,1
930,8,1,1,2016,1,4,1
1454,3,2.6,0,1300,0,6,1
1784,6,1.6,0,2313,0,41,2
1262,5,1.8,1,3248,0,34,2
797,7,2.2,1,2216,0,37,1
1829,5,2.1,0,3142,0,59,3
1139,2,0.9,1,1850,1,58,1
618,4,1,0,1424,1,13,0
1547,1,2.9,0,1620,0,57,1
586,3,2.8,0,2592,0,15,1
1617,1,2.4,0,296,1,36,0
1882,8,2,0,3579,1,44,3
674,3,2.9,1,1180,0,21,0
1467,5,0.5,0,3962,0,18,3
858,1,2.2,0,3978,0,50,3
794,6,0.5,1,668,1,2,0
1965,4,2.6,1,2032,0,39,2
1911,8,0.9,1,3057,1,36,3
1512,5,0.9,0,869,1,46,0
510,6,2,1,3919,1,45,3
